<?xml version="1.0" encoding="UTF-8"?>
<AnalysisReport taskid="7567Ash7789G2" analysistype="PageBoxes;Pages;Colors;Fonts" name="Веселые картинки.pdf" inputstatus="Checked"><GeneralDocInfo>
    <DocumentProperties>
      <DocumentName>_0005K_7567Ash7789G2_0005J.pdf</DocumentName>
      <NumPages>14</NumPages>
      <PDFVersion major="1" minor="4">1.4</PDFVersion>
      <CreationDate>2022-06-01T17:30:46+03:00</CreationDate>
      <ModificationDate>2022-06-03T04:58:08+03:00</ModificationDate>
      <Producer>Adobe PDF Library 15.0</Producer>
      <Creator>Adobe InDesign 15.0 (Windows)</Creator>
      <Author/>
      <Title/>
      <Subject/>
      <Keywords/>
      <Trapped>false</Trapped>
      <PrinergyTraps>false</PrinergyTraps>
      <WasRepairedOnOpen>false</WasRepairedOnOpen>
      <IsLinearized>false</IsLinearized>
      <ContainsThumbnails>false</ContainsThumbnails>
      <LeftToRightReading>left</LeftToRightReading>
      <ContainsJobTicket>false</ContainsJobTicket>
    </DocumentProperties>
    <DocumentSecurity>
      <EncryptionType>none</EncryptionType>
      <Permissions>
        <ExtractAccessibility>true</ExtractAccessibility>
        <ExtractNonAccessibility>true</ExtractNonAccessibility>
        <ModifyNotes>true</ModifyNotes>
        <ModifyFillAndSign>true</ModifyFillAndSign>
        <ModifyAssembleDoc>true</ModifyAssembleDoc>
        <ModifyOther>true</ModifyOther>
        <ModifySecurity>true</ModifySecurity>
        <PrintLowQuality>true</PrintLowQuality>
        <PrintHighQuality>true</PrintHighQuality>
      </Permissions>
    </DocumentSecurity>
    <DocumentCompression>
      <DataFormat>binary</DataFormat>
      <IsCompressed>true</IsCompressed>
      <FilterType>JPEG</FilterType>
      <FilterType>ZIP</FilterType>
    </DocumentCompression>
  </GeneralDocInfo><PageBoxInfo pageBoxesEqual="true">
    <Page index="1" rotate="0" scaling="1">
      <ArtBox defined="false" width="482" height="330" minX="0" minY="0" maxX="482" maxY="330"/>
      <BleedBox defined="false" width="482" height="330" minX="0" minY="0" maxX="482" maxY="330"/>
      <CropBox defined="false" width="482" height="330" minX="0" minY="0" maxX="482" maxY="330"/>
      <MediaBox defined="true" width="482" height="330" minX="0" minY="0" maxX="482" maxY="330"/>
      <TrimBox defined="false" width="482" height="330" minX="0" minY="0" maxX="482" maxY="330"/>
    </Page>
    <Page index="2" rotate="0" scaling="1">
      <ArtBox defined="false" width="482" height="330" minX="0" minY="0" maxX="482" maxY="330"/>
      <BleedBox defined="false" width="482" height="330" minX="0" minY="0" maxX="482" maxY="330"/>
      <CropBox defined="false" width="482" height="330" minX="0" minY="0" maxX="482" maxY="330"/>
      <MediaBox defined="true" width="482" height="330" minX="0" minY="0" maxX="482" maxY="330"/>
      <TrimBox defined="false" width="482" height="330" minX="0" minY="0" maxX="482" maxY="330"/>
    </Page>
    <Page index="3" rotate="0" scaling="1">
      <ArtBox defined="false" width="482" height="330" minX="0" minY="0" maxX="482" maxY="330"/>
      <BleedBox defined="false" width="482" height="330" minX="0" minY="0" maxX="482" maxY="330"/>
      <CropBox defined="false" width="482" height="330" minX="0" minY="0" maxX="482" maxY="330"/>
      <MediaBox defined="true" width="482" height="330" minX="0" minY="0" maxX="482" maxY="330"/>
      <TrimBox defined="false" width="482" height="330" minX="0" minY="0" maxX="482" maxY="330"/>
    </Page>
    <Page index="4" rotate="0" scaling="1">
      <ArtBox defined="false" width="482" height="330" minX="0" minY="0" maxX="482" maxY="330"/>
      <BleedBox defined="false" width="482" height="330" minX="0" minY="0" maxX="482" maxY="330"/>
      <CropBox defined="false" width="482" height="330" minX="0" minY="0" maxX="482" maxY="330"/>
      <MediaBox defined="true" width="482" height="330" minX="0" minY="0" maxX="482" maxY="330"/>
      <TrimBox defined="false" width="482" height="330" minX="0" minY="0" maxX="482" maxY="330"/>
    </Page>
    <Page index="5" rotate="0" scaling="1">
      <ArtBox defined="false" width="482" height="330" minX="0" minY="0" maxX="482" maxY="330"/>
      <BleedBox defined="false" width="482" height="330" minX="0" minY="0" maxX="482" maxY="330"/>
      <CropBox defined="false" width="482" height="330" minX="0" minY="0" maxX="482" maxY="330"/>
      <MediaBox defined="true" width="482" height="330" minX="0" minY="0" maxX="482" maxY="330"/>
      <TrimBox defined="false" width="482" height="330" minX="0" minY="0" maxX="482" maxY="330"/>
    </Page>
    <Page index="6" rotate="0" scaling="1">
      <ArtBox defined="false" width="482" height="330" minX="0" minY="0" maxX="482" maxY="330"/>
      <BleedBox defined="false" width="482" height="330" minX="0" minY="0" maxX="482" maxY="330"/>
      <CropBox defined="false" width="482" height="330" minX="0" minY="0" maxX="482" maxY="330"/>
      <MediaBox defined="true" width="482" height="330" minX="0" minY="0" maxX="482" maxY="330"/>
      <TrimBox defined="false" width="482" height="330" minX="0" minY="0" maxX="482" maxY="330"/>
    </Page>
    <Page index="7" rotate="0" scaling="1">
      <ArtBox defined="false" width="482" height="330" minX="0" minY="0" maxX="482" maxY="330"/>
      <BleedBox defined="false" width="482" height="330" minX="0" minY="0" maxX="482" maxY="330"/>
      <CropBox defined="false" width="482" height="330" minX="0" minY="0" maxX="482" maxY="330"/>
      <MediaBox defined="true" width="482" height="330" minX="0" minY="0" maxX="482" maxY="330"/>
      <TrimBox defined="false" width="482" height="330" minX="0" minY="0" maxX="482" maxY="330"/>
    </Page>
    <Page index="8" rotate="0" scaling="1">
      <ArtBox defined="false" width="482" height="330" minX="0" minY="0" maxX="482" maxY="330"/>
      <BleedBox defined="false" width="482" height="330" minX="0" minY="0" maxX="482" maxY="330"/>
      <CropBox defined="false" width="482" height="330" minX="0" minY="0" maxX="482" maxY="330"/>
      <MediaBox defined="true" width="482" height="330" minX="0" minY="0" maxX="482" maxY="330"/>
      <TrimBox defined="false" width="482" height="330" minX="0" minY="0" maxX="482" maxY="330"/>
    </Page>
    <Page index="9" rotate="0" scaling="1">
      <ArtBox defined="false" width="482" height="330" minX="0" minY="0" maxX="482" maxY="330"/>
      <BleedBox defined="false" width="482" height="330" minX="0" minY="0" maxX="482" maxY="330"/>
      <CropBox defined="false" width="482" height="330" minX="0" minY="0" maxX="482" maxY="330"/>
      <MediaBox defined="true" width="482" height="330" minX="0" minY="0" maxX="482" maxY="330"/>
      <TrimBox defined="false" width="482" height="330" minX="0" minY="0" maxX="482" maxY="330"/>
    </Page>
    <Page index="10" rotate="0" scaling="1">
      <ArtBox defined="false" width="482" height="330" minX="0" minY="0" maxX="482" maxY="330"/>
      <BleedBox defined="false" width="482" height="330" minX="0" minY="0" maxX="482" maxY="330"/>
      <CropBox defined="false" width="482" height="330" minX="0" minY="0" maxX="482" maxY="330"/>
      <MediaBox defined="true" width="482" height="330" minX="0" minY="0" maxX="482" maxY="330"/>
      <TrimBox defined="false" width="482" height="330" minX="0" minY="0" maxX="482" maxY="330"/>
    </Page>
    <Page index="11" rotate="0" scaling="1">
      <ArtBox defined="false" width="482" height="330" minX="0" minY="0" maxX="482" maxY="330"/>
      <BleedBox defined="false" width="482" height="330" minX="0" minY="0" maxX="482" maxY="330"/>
      <CropBox defined="false" width="482" height="330" minX="0" minY="0" maxX="482" maxY="330"/>
      <MediaBox defined="true" width="482" height="330" minX="0" minY="0" maxX="482" maxY="330"/>
      <TrimBox defined="false" width="482" height="330" minX="0" minY="0" maxX="482" maxY="330"/>
    </Page>
    <Page index="12" rotate="0" scaling="1">
      <ArtBox defined="false" width="482" height="330" minX="0" minY="0" maxX="482" maxY="330"/>
      <BleedBox defined="false" width="482" height="330" minX="0" minY="0" maxX="482" maxY="330"/>
      <CropBox defined="false" width="482" height="330" minX="0" minY="0" maxX="482" maxY="330"/>
      <MediaBox defined="true" width="482" height="330" minX="0" minY="0" maxX="482" maxY="330"/>
      <TrimBox defined="false" width="482" height="330" minX="0" minY="0" maxX="482" maxY="330"/>
    </Page>
    <Page index="13" rotate="0" scaling="1">
      <ArtBox defined="false" width="482" height="330" minX="0" minY="0" maxX="482" maxY="330"/>
      <BleedBox defined="false" width="482" height="330" minX="0" minY="0" maxX="482" maxY="330"/>
      <CropBox defined="false" width="482" height="330" minX="0" minY="0" maxX="482" maxY="330"/>
      <MediaBox defined="true" width="482" height="330" minX="0" minY="0" maxX="482" maxY="330"/>
      <TrimBox defined="false" width="482" height="330" minX="0" minY="0" maxX="482" maxY="330"/>
    </Page>
    <Page index="14" rotate="0" scaling="1">
      <ArtBox defined="false" width="482" height="330" minX="0" minY="0" maxX="482" maxY="330"/>
      <BleedBox defined="false" width="482" height="330" minX="0" minY="0" maxX="482" maxY="330"/>
      <CropBox defined="false" width="482" height="330" minX="0" minY="0" maxX="482" maxY="330"/>
      <MediaBox defined="true" width="482" height="330" minX="0" minY="0" maxX="482" maxY="330"/>
      <TrimBox defined="false" width="482" height="330" minX="0" minY="0" maxX="482" maxY="330"/>
    </Page>
  </PageBoxInfo><FontInfo>
    <Font>
      <FontName>Arial-BoldMT</FontName>
      <FontType>TrueType</FontType>
      <EncodingType>WinAnsi</EncodingType>
      <IsEmbedded>true</IsEmbedded>
      <IsOpenTypeEmbedded>false</IsOpenTypeEmbedded>
      <BaseFontType>TrueType</BaseFontType>
      <CallbackIsAvailable>false</CallbackIsAvailable>
      <IsSubset>true</IsSubset>
      <Location page="1" minX="214.898" minY="19.879" maxX="267.107" maxY="21.535"/>
    </Font>
    <Font>
      <FontName>Helvetica</FontName>
      <FontType>Type 1</FontType>
      <EncodingType>WinAnsi</EncodingType>
      <IsEmbedded>false</IsEmbedded>
      <IsOpenTypeEmbedded>false</IsOpenTypeEmbedded>
      <CallbackIsAvailable>false</CallbackIsAvailable>
      <IsSubset>false</IsSubset>
      <Location page="1" minX="3.172" minY="127.039" maxX="4.879" maxY="202.865"/>
    </Font>
    <Font>
      <FontName>Montserrat-Regular</FontName>
      <FontType>Type 1</FontType>
      <EncodingType>Custom</EncodingType>
      <IsEmbedded>true</IsEmbedded>
      <IsOpenTypeEmbedded>false</IsOpenTypeEmbedded>
      <BaseFontType>Type 1</BaseFontType>
      <CallbackIsAvailable>false</CallbackIsAvailable>
      <IsSubset>true</IsSubset>
      <Location page="1" minX="56.458" minY="61.941" maxX="84.148" maxY="65.401"/>
    </Font>
    <Font>
      <FontName>UniNeueLight</FontName>
      <FontType>Type 1</FontType>
      <EncodingType>Custom</EncodingType>
      <IsEmbedded>true</IsEmbedded>
      <IsOpenTypeEmbedded>false</IsOpenTypeEmbedded>
      <BaseFontType>Type 1</BaseFontType>
      <CallbackIsAvailable>false</CallbackIsAvailable>
      <IsSubset>true</IsSubset>
      <Location page="1" minX="64.235" minY="32.253" maxX="116.918" maxY="36.463"/>
    </Font>
    <Font>
      <FontName>WaldorfTLPro-Regular</FontName>
      <FontType>Type 1</FontType>
      <EncodingType>Custom</EncodingType>
      <IsEmbedded>true</IsEmbedded>
      <IsOpenTypeEmbedded>false</IsOpenTypeEmbedded>
      <BaseFontType>Type 1</BaseFontType>
      <CallbackIsAvailable>false</CallbackIsAvailable>
      <IsSubset>true</IsSubset>
      <Location page="1" minX="56.448" minY="233.321" maxX="87.259" maxY="241.482"/>
    </Font>
    <Font>
      <FontName>Times-Roman</FontName>
      <FontType>Type 1</FontType>
      <EncodingType>WinAnsi</EncodingType>
      <IsEmbedded>false</IsEmbedded>
      <IsOpenTypeEmbedded>false</IsOpenTypeEmbedded>
      <CallbackIsAvailable>false</CallbackIsAvailable>
      <IsSubset>false</IsSubset>
      <Location page="2" minX="80.312" minY="94.407" maxX="83.825" maxY="235.56"/>
    </Font>
  </FontInfo><ColorInfo>
    <ColorSpace type="DeviceCMYK" id="CS1">
      <Location page="1" minX="214.898" minY="19.879" maxX="267.107" maxY="21.535"/>
      <Location page="2"/>
      <Location page="3"/>
      <Location page="4"/>
      <Location page="5"/>
      <Location page="6"/>
      <Location page="7"/>
      <Location page="8"/>
      <Location page="9"/>
      <Location page="10"/>
      <Location page="11"/>
      <Location page="12"/>
      <Location page="13"/>
      <Location page="14"/>
    </ColorSpace>
    <ColorSpace type="DeviceGray" id="CS2">
      <Location page="1" minX="32.999" minY="19.952" maxX="37.998" maxY="20.053"/>
      <Location page="2"/>
      <Location page="3"/>
      <Location page="4"/>
      <Location page="5"/>
      <Location page="6"/>
      <Location page="7"/>
      <Location page="8"/>
      <Location page="9"/>
      <Location page="10"/>
      <Location page="11"/>
      <Location page="12"/>
      <Location page="13"/>
      <Location page="14"/>
    </ColorSpace>
    <ColorSpace type="ICCBased" id="CS3" isValid="true">
      <ICCName>KM14000_Coated_M190_b_Hard.icc</ICCName>
      <ICCSpace>DeviceCMYK</ICCSpace>
      <Ranges>
        <Range name="C" min="0" max="1"/>
        <Range name="M" min="0" max="1"/>
        <Range name="Y" min="0" max="1"/>
        <Range name="K" min="0" max="1"/>
      </Ranges>
      <Location page="1" minX="57.909" minY="32.958" maxX="60.826" maxY="35.875"/>
      <Location page="2"/>
      <Location page="3"/>
      <Location page="4"/>
      <Location page="5"/>
      <Location page="6"/>
      <Location page="7"/>
      <Location page="8"/>
      <Location page="9"/>
      <Location page="10"/>
      <Location page="11"/>
      <Location page="12"/>
      <Location page="13"/>
      <Location page="14"/>
    </ColorSpace>
    <ColorSpace type="ICCBased" id="CS4" isValid="true">
      <ICCName>KM14000_Coated_M190_b.icc</ICCName>
      <ICCSpace>DeviceCMYK</ICCSpace>
      <Ranges>
        <Range name="C" min="0" max="1"/>
        <Range name="M" min="0" max="1"/>
        <Range name="Y" min="0" max="1"/>
        <Range name="K" min="0" max="1"/>
      </Ranges>
      <Location page="1" minX="241.001" minY="288.844" maxX="244.001" maxY="289.55"/>
      <Location page="3"/>
      <Location page="5"/>
      <Location page="7"/>
      <Location page="9"/>
      <Location page="11"/>
      <Location page="13"/>
    </ColorSpace>
  </ColorInfo>
</AnalysisReport>
